{"start": "<s>", "k": 1.0, "probs": {"<s>": {"/home": 0.23529411764705882, "/list?page=1": 0.23529411764705882, "/api/search": 0.23529411764705882, "/signup": 0.23529411764705882, "<unseen>": 0.058823529411764705}, "/home": {"/product": 0.5, "/search": 0.3333333333333333, "<unseen>": 0.16666666666666666}, "/product": {"/cart": 0.375, "/profile": 0.25, "/product": 0.25, "<unseen>": 0.125}, "/cart": {"</s>": 0.75, "<unseen>": 0.25}, "/search": {"/product": 0.6666666666666666, "<unseen>": 0.3333333333333333}, "/profile": {"</s>": 0.6666666666666666, "<unseen>": 0.3333333333333333}, "/list?page=1": {"/list?page=2": 0.8, "<unseen>": 0.2}, "/list?page=2": {"/list?page=3": 0.8, "<unseen>": 0.2}, "/list?page=3": {"/list?page=4": 0.8, "<unseen>": 0.2}, "/list?page=4": {"/list?page=5": 0.8, "<unseen>": 0.2}, "/list?page=5": {"</s>": 0.8, "<unseen>": 0.2}, "/api/search": {"/api/search": 0.6666666666666666, "</s>": 0.26666666666666666, "<unseen>": 0.06666666666666667}, "/signup": {"/verify": 0.8, "<unseen>": 0.2}, "/verify": {"/complete": 0.8, "<unseen>": 0.2}, "/complete": {"</s>": 0.8, "<unseen>": 0.2}}}